"grupo","N","x_mean","x_sd","y_mean","y_sd","z_mean","z_sd"
"A",67,50.2993362156677,8.62440120117765,102.064237681485,21.0432327209804,98.5073950093745,20.4372383801071
"B",67,50.1235447702923,8.9637844217734,100.673180604028,24.8261838161435,102.288257672601,19.5391316599569
"C",66,48.3064434926705,9.12605276030093,94.1866754136207,20.018429088817,107.050918220675,21.9111905844789
