"term","estimate","std.error","statistic","p.value"
"(Intercept)",111.772707,8.388346,13.324761,0
"x",-0.221679,0.25304,-0.876063,0.382063
"y",0.018304,0.101407,0.180504,0.856942
