"Variable","N","Mean","SD","Median","Q1","Q3","IQR","Min","Max","Range","Skewness","CV"
"x",200,49.5827914828779,8.9068847940082,49.5417944352883,43.980602634825,55.9301157167219,11.9495130818969,29.4230685116025,70.2581801261071,40.8351116145046,0.00460284920459987,17.9636614390377
"y",200,98.9986380121415,22.2252137723334,97.232711683613,86.1096442851492,115.663970320108,29.5543260349585,40.2158065138245,161.000764616264,120.78495810244,0.0794559884380852,22.4500197362388
"z",200,102.593346661285,20.8376095541249,101.985611866974,88.9668955237288,114.526224338338,25.5593288146092,41.4961677679034,168.009144501124,126.512976733221,0.0291652837016709,20.3108780756718
