"Variable","N","Mean","Median","SD","Min","Max"
"x",200,49.5827914828779,49.5417944352883,8.9068847940082,29.4230685116025,70.2581801261071
"y",200,98.9986380121415,97.232711683613,22.2252137723334,40.2158065138245,161.000764616264
"z",200,102.593346661285,101.985611866974,20.8376095541249,41.4961677679034,168.009144501124
